<?xml version="1.0" encoding="UTF-8"?>
<faces-config
    xmlns="http://xmlns.jcp.org/xml/ns/javaee"
    xmlns:xsi="http://www.w3.org/2001/XMLSchema-instance"
    xsi:schemaLocation="http://xmlns.jcp.org/xml/ns/javaee http://xmlns.jcp.org/xml/ns/javaee/web-facesconfig_2_3.xsd"
    version="2.3">
	<managed-bean>
		<managed-bean-name>album</managed-bean-name>
		<managed-bean-class>beans.Album</managed-bean-class>
		<managed-bean-scope>session</managed-bean-scope>
	</managed-bean>
	<managed-bean>
		<managed-bean-name>track</managed-bean-name>
		<managed-bean-class>beans.Track</managed-bean-class>
		<managed-bean-scope>session</managed-bean-scope>
	</managed-bean>
	<managed-bean>
		<managed-bean-name>album1</managed-bean-name>
		<managed-bean-class>beans.Album</managed-bean-class>
		<managed-bean-scope>request</managed-bean-scope>
	</managed-bean>
	<managed-bean>
		<managed-bean-name>track1</managed-bean-name>
		<managed-bean-class>beans.Track</managed-bean-class>
		<managed-bean-scope>request</managed-bean-scope>
	</managed-bean>
	<managed-bean>
		<managed-bean-name>album2</managed-bean-name>
		<managed-bean-class>beans.Album</managed-bean-class>
		<managed-bean-scope>view</managed-bean-scope>
	</managed-bean>

</faces-config>
